<?xml version="1.1" encoding="UTF-8"?>

<channel name="thunar" version="1.0">
  <property name="last-view" type="string" value="ThunarIconView"/>
  <property name="last-icon-view-zoom-level" type="string" value="THUNAR_ZOOM_LEVEL_300_PERCENT"/>
  <property name="last-window-maximized" type="bool" value="true"/>
  <property name="last-separator-position" type="int" value="170"/>
  <property name="last-sort-column" type="string" value="THUNAR_COLUMN_DATE_MODIFIED"/>
  <property name="last-sort-order" type="string" value="GTK_SORT_ASCENDING"/>
  <property name="last-side-pane" type="string" value="ThunarTreePane"/>
  <property name="last-location-bar" type="string" value="ThunarLocationButtons"/>
  <property name="misc-confirm-close-multiple-tabs" type="bool" value="false"/>
  <property name="last-window-width" type="int" value="733"/>
  <property name="last-window-height" type="int" value="480"/>
  <property name="last-details-view-zoom-level" type="string" value="THUNAR_ZOOM_LEVEL_38_PERCENT"/>
  <property name="last-details-view-visible-columns" type="string" value="THUNAR_COLUMN_DATE_MODIFIED,THUNAR_COLUMN_NAME,THUNAR_COLUMN_SIZE,THUNAR_COLUMN_TYPE"/>
  <property name="last-details-view-column-widths" type="string" value="50,50,123,50,50,716,50,50,1337,50,50,77,50,188"/>
  <property name="last-toolbar-item-order" type="string" value="0,1,2,3,4,5,6,7,8,9,10,11,12,13,14,15,16,17"/>
  <property name="last-toolbar-visible-buttons" type="string" value="0,1,1,1,1,0,0,0,0,0,0,0,0,0,1,0,1,0"/>
  <property name="misc-single-click" type="bool" value="false"/>
  <property name="misc-thumbnail-draw-frames" type="bool" value="false"/>
  <property name="last-splitview-separator-position" type="int" value="862"/>
  <property name="last-toolbar-items" type="string" value="menu:0,back:1,forward:1,open-parent:1,open-home:1,undo:0,redo:0,zoom-in:0,zoom-out:0,zoom-reset:0,view-as-icons:0,view-as-detailed-list:0,view-as-compact-list:0,toggle-split-view:0,location-bar:1,reload:0,search:1,uca-action-1758490874510916-1:0,new-tab:0,new-window:0,view-switcher:0"/>
  <property name="last-show-hidden" type="bool" value="true"/>
</channel>
