[
  {
    "name": "_Lock screen",
    "exec": "hyprlock",
    "icon": "/usr/share/nwg-launchers/nwgbar/images/lock.svg"
  },
  {
  	"name": "Suspen_d",
    "exec": "systemctl suspend",
  	"icon": "/usr/share/nwg-launchers/nwgbar/images/suspend.svg"
  },
  {
    "name": "Logou_t",
    "exec": "hyprctl dispatch exit 0",
    "icon": "/usr/share/nwg-launchers/nwgbar/images/logout.svg"
  },
  {
    "name": "_Reboot",
    "exec": "systemctl reboot",
    "icon": "/usr/share/nwg-launchers/nwgbar/images/reboot.svg"
  },
  {
    "name": "_Shutdown",
    "exec": "systemctl -i poweroff",
    "icon": "/usr/share/nwg-launchers/nwgbar/images/shutdown.svg"
  }
]
